ym,total_revenue,avg_total_per_trip,trips
2024-01,157196058.79,27.287003074204456,5760840
2024-02,238010386.0,27.175989394062398,8758113
