payment_type_name,trips,total_revenue,avg_total
Credit card,11550800,323318412.91,27.990997412300448
Cash,2014106,47774615.18,23.720010356952415
Other,797994,20301598.33,25.440790695168133
Dispute,107212,2717689.95,25.348747808081185
No charge,48841,1094128.42,22.401843123605165
