ym,avg_tip_amount,median_tip_amount,avg_tip_rate
2024-01,3.377000095472188,2.74,0.12024315814620669
2024-02,3.3505485999095925,2.74,0.11910657467438822
